bmg_alloy,paper_sno,actual_d_max
B6.0Cr16.0Fe78.0,[9],0
B22.3Fe66.9Mo3.72Dy7.0,[9],2
Mg11.0Ca55.0Cu23.0Zn11.0,"[5, 7]",1
Mg84.5Mn8.0Y7.5,[9],0
Al95.0Co3.0Ce2.0,[9],0
Ti85.0Ni15.0,[9],0
Al10.0Co1.0Cu20.0Ce69.0,"[1, 5, 6, 7]",10
Mg59.5Cu22.9Ag6.6Gd11.0,"[9, 5, 7]",27
B6.0Mn1.0Fe93.0,[9],0
Ti50.0Ni15.0Cu32.0Sn3.0,"[9, 5, 7]",1
B22.0Fe68.0Y6.0Mo4.0,"[1, 2, 5, 6, 9]",6.5
Al59.0Si22.0Cr19.0,[9],0
B5.0C10.0P10.0Fe75.0,[2],0.5
Be20.0Ti40.0Ni5.0Cu10.0Zr25.0,[5],10
B13.5Si10.0Fe61.5Co10.0Cu1.0Nb4.0,[2],1.5
Al24.0Co20.0Y21.0Ho35.0,"[9, 5, 7]",5
B15.0Fe61.0Co7.0Y2.0Zr8.0Mo7.0,"[1, 2, 5, 6, 9]",5
B5.0C5.0Ni90.0,[9],0
B6.0C15.0Fe64.5Mo14.0Er0.5,[2],2.5
Cu24.0Ga6.0Ce70.0,"[1, 6]",10
Si1.0Ti33.0Ni8.0Cu47.0Zr9.0Nb2.0,"[1, 5, 9, 6]",5
B10.0C15.0Cr7.5Fe52.5Mo15.0,[2],2
Ti40.0Cu28.0Ga8.0Zr10.0Pd14.0,"[1, 6]",2
Al4.0V0.5Cu47.5Zr48.0,"[1, 6]",2
Si5.0Ti45.0Ni50.0,[9],0
C7.0P13.0Fe68.0Mo12.0,[2],1
B4.0Cr16.0Fe80.0,[9],0
B14.2Si2.75P2.75Fe39.0Ni39.0Nb2.3,[2],2
B22.0Cr6.0Fe62.0Y6.0Nb4.0,[2],4
Mg17.5Ca60.0Zn22.5,"[9, 5, 7]",10
Al14.0Co4.0Ni4.0Cu13.3Ag2.67La62.0,[7],16
Al10.0Fe5.0Cu23.0Zr62.0,"[1, 7, 9, 6]",3
C7.0P13.0Fe60.0Co20.0,[2],1.8
Al10.0Cu84.0Nd6.0,[9],0
B8.0Fe89.0Cu3.0,[9],0
Al10.0Ni10.0Cu20.0Pr60.0,"[9, 5, 7]",5
B22.0Fe71.0Y6.0Mo1.0,"[1, 2, 5, 6, 9]",2.5
B18.0Fe72.0Cu10.0,[9],0
Al7.0Cu42.0Zr48.0Ag3.0,"[1, 5, 6, 7, 9]",10
Al8.0Cu82.0Nd10.0,[9],0
Mg15.4Ca30.7Cu7.7Ag46.2,[7],1
Mg65.0Ni5.0Cu20.0Gd10.0,"[1, 5, 6, 7, 9]",5
Si2.0Ti11.0Ni59.0Zr17.0Nb8.0Sn3.0,[5],2
Ti40.0Cu32.0Ga4.0Zr10.0Pd14.0,"[1, 6]",3
B4.0V5.0Fe91.0,[9],0
Al14.0Cu20.0Ag4.0La62.0,"[1, 5, 6, 7, 9]",8
B6.0C15.0Cr15.0Fe38.4Co9.6Mo14.0Tm2.0,[2],16
B12.5Si10.0Fe72.5Cu1.0Nb4.0,[2],0.5
B5.0C10.0P10.0Fe62.5Co5.0Mo7.5,[2],4
Al15.0Ni17.5Cu15.5Zr48.0Nb4.0,"[1, 6]",6
B5.0C20.0Cr16.0Fe43.0Mo16.0,[2],1.6
P16.0Ni83.0Cu1.0,[9],0
Fe50.0Ag50.0,[9],0
Al23.5Co16.5Zr53.0Ag7.0,"[1, 6]",5
B8.0Fe87.0Cu5.0,[9],0
Al16.0Co32.0Zr52.0,"[1, 6]",3
Al75.0Ni10.0La15.0,[9],0
Al50.0Ni40.0Zr10.0,[9],0
B10.0Cr20.0Fe70.0,[9],0
Ni50.0Nd50.0,[9],0
Al10.0Cu36.0Zr48.0Ag6.0,"[1, 6]",7
Ti13.8Cu55.2Nb8.0Hf23.0,[7],2.5
P17.0Co9.0Ni74.0,[9],0
Ti7.42Cu49.5Zr42.0Sn1.0,[7],6
Al17.5Ni12.4Cu12.4La57.6,[7],8
B3.0P16.5Cr8.7Ni68.8Nb3.0,[5],10
Mg85.0Zn15.0,[9],0
Ti44.1Ni7.05Cu37.0Zr9.8Sn2.0,[9],2
B7.0C15.0Cr4.0Mn10.0Fe49.0Mo14.0W1.0,[2],3
P24.0Ni75.0Cu1.0,[9],0
Cu90.0Ag5.0Ce5.0,[9],0
Al10.0Ni10.0Cu10.0Ce70.0,"[9, 5, 7]",3
Si2.0Ti13.0Ni59.0Zr16.0Nb7.0Sn3.0,"[9, 5]",3
Mg27.3Ca31.8Cu40.9,"[1, 5, 6, 7, 9]",4
Al8.0Si2.5Ti20.0Ni42.0Cu5.0Zr22.5,"[1, 5, 9, 6]",2
Mg27.2Ca36.4Cu36.4,"[1, 5, 6, 7, 9]",8
B1.0C9.0Al3.0P10.0Fe77.0,[2],2.5
Al4.0Cu46.5Zr48.0Nb1.5,"[1, 6]",5
B22.0Fe72.0Y4.0W2.0,"[9, 5]",3
B6.0P14.0Fe40.0Co40.0,[2],2
Mg50.0Y40.0Ag10.0,[9],0
Be26.0Ti27.0Ni6.0Cu10.0Zr31.0,"[1, 6]",15
B6.0P14.0Fe50.0Co30.0,[2],1.6
Al6.0Cu88.0Ce6.0,[9],0
Al10.0Ti2.0Cu38.0Zr50.0,"[1, 6]",5
Mg65.0Ni7.5Cu7.5Zn5.0Y2.5Ag5.0Gd7.5,"[1, 5, 6, 7, 9]",13
Mg92.5Nd7.5,[9],0
Si1.0Ti46.0Co7.0Cu27.5Zr11.5Ag4.0Sn3.0,[5],5
Mg57.0Ni26.0La17.0,"[1, 5, 6, 7, 9]",2
Al5.0Ti7.5Ni60.0Zr20.0Nb7.5,"[1, 5, 6, 7, 9]",2
Al10.0Cu17.0Zn3.0Ce70.0,"[1, 5, 6, 7, 9]",3
Al13.2Ni9.4Cu9.4La68.0,[7],1
B5.0C7.0Si3.3P8.7Fe75.0Ga1.0,"[1, 2, 5, 6, 9]",3
Be20.0Ti20.0Ni12.5Cu7.5Zr20.0Hf20.0,"[1, 5, 6]",30
B23.0Fe68.0Nb6.0Er3.0,[2],2.5
Al87.0V5.0Cu8.0,[9],0
B6.0C10.0Cr9.0Fe65.0Mo8.0Er2.0,"[2, 5]",5
Be25.8Al4.45Ti36.4Cu11.0Zr22.2,[5],10
Al89.0Cr3.0Ce8.0,[9],0
B22.0Fe70.0Ni2.0Y6.0,"[1, 2, 5, 6, 9]",2
Al14.0Cu18.0Ag6.0La62.0,"[1, 5, 6, 7]",5
B20.0Si4.0Fe71.6Cu0.4Nb4.0,[2],1.5
B4.0Fe84.0Mo12.0,[9],0
Al13.0Ni9.75Cu29.2Hf48.0,"[1, 5, 6, 7]",10
Al98.0Mn2.0,[9],0
B23.0Fe66.0Nb6.0Er5.0,[2],4
Mg15.4Ca23.1Cu7.7Ag53.8,[7],0.5
B4.0C4.0Si2.5P10.0Fe66.0Ni10.0Mo3.5,[2],4
Al4.0Cu48.0Zr44.0Ag4.0,"[1, 6]",10
Mg10.0Ca60.0Zn30.0,"[9, 7]",0.5
Ti21.0Ni34.0Zr45.0,"[9, 7]",0.68
Al10.0Cu19.0Zn1.0Ce70.0,"[1, 5, 6, 7]",1
Al6.0Cu36.0Zr48.0Ag10.0,"[1, 6]",10
Si1.0Sc2.0Ti45.0Fe2.5Cu40.0Zr7.5Sn2.0,[5],6
Al15.0Ni17.5Cu11.5Zr52.0Nb4.0,"[1, 6]",8
B18.0Ti1.5Fe77.0Zr3.5,[2],1
Ti10.0Cu43.0Zr40.0Ag7.0,"[1, 5, 6, 7, 9]",7
Al25.0Co20.0La55.0,"[9, 5, 7]",5
B15.0Cr2.0Fe61.0Co5.0Y2.0Zr8.0Mo7.0,"[1, 2, 5, 6, 9]",5
B8.0Fe87.0Nb5.0,[9],0
B6.0C15.0Fe64.5Mo14.0Dy0.5,[2],2
B6.7C6.9Al2.1Si2.5P8.8Cr2.2Fe68.3Mo2.5,"[1, 2, 5, 6, 9]",4
Si2.0Ti9.0Ni59.0Zr20.0Nb7.0Sn3.0,"[9, 5]",2
Si16.5Fe15.0Pd68.5,[9],0
B10.0C15.0Cr15.0Fe45.0Mo15.0,[2],2.5
Mg22.7Ca36.4Cu40.9,"[1, 5, 6, 7]",5
Al4.0Fe0.5Cu47.5Zr48.0,"[1, 6]",3
B23.0Fe56.8Co14.2Nb6.0,[9],2
Be24.0Fe8.0Cu12.0Zr48.0Nb8.0,"[1, 5, 6, 7, 9]",8
Si2.0Ti13.0Ni59.0Zr15.0Nb8.0Sn3.0,"[9, 5]",2
B24.0Fe56.8Co14.2Nb5.0,"[1, 5, 9, 6]",2
Al70.0Si15.0Cr15.0,[9],0
Ti50.0Ni7.5Cu42.5,"[1, 7, 9, 6]",0.2
B2.5C7.5P10.0Fe69.0Ni5.0Mo6.0,[2],5
B23.0Fe69.1Mo3.84Dy4.0,[9],1
Mg65.0Cu15.0Y2.0Ag10.0Gd8.0,"[1, 5, 6, 7, 9]",9
Mg71.0Ni18.0La11.0,"[9, 7]",0.5
B6.0C15.0Cr15.0Fe42.0Co6.0Mo14.0Tm2.0,"[1, 6]",12
Cu45.0Zr15.0Ag10.0Hf30.0,"[1, 5, 6, 7, 9]",2
Mg7.7Ca30.8Cu7.7Ag53.8,"[9, 7]",0.3
Ti40.0Cu34.0Zr10.0Pd16.0,"[1, 5, 6, 7, 9]",4
Al4.0Cu45.0Ga3.0Zr48.0,"[1, 6]",5
Al87.0Fe6.0Ni7.0,[9],0
Be23.0Ti24.0V6.0Ni10.0Cu9.0Zr28.0,"[1, 6]",7
Mg95.0Zn5.0,[9],0
B6.0C8.0P10.0Cr2.0Fe65.0Mo9.0,"[9, 2, 5]",2.5
C7.0P13.0Fe70.0Co10.0,[2],2.5
Al14.0Ni8.0Cu8.0La70.0,[7],0.5
Al45.0Si35.0Cr20.0,[9],0
Al10.0Ti5.0Ni8.0Cu20.0Zr57.0,"[1, 5, 6, 7]",10
Al86.0Fe4.0Co10.0,[9],0
B5.5C7.0Al2.0Si3.3P8.7Cr2.3Fe63.7Co5.0Mo2.5,[2],5
B5.5C6.0Al1.0Si3.3P8.7Fe74.5Cu1.0,[2],2
Mg25.0Ca60.0Zn15.0,"[9, 5, 7]",1
Li8.62Mg7.38Ca65.0Zn19.0,"[9, 5]",2
B18.0Fe62.0Cu20.0,[9],0
Mg4.2Al9.8Cu24.0La62.0,"[1, 5, 6, 7, 9]",10
B6.0C14.0Cr14.0Fe50.0Mo14.0Dy2.0,[2],4
Al12.0Cu36.0Zr48.0Ag4.0,"[1, 6]",3
B5.0C7.0Si3.3P8.7Cr1.0Fe75.0,[2],2
Be28.0Ti41.0Cu6.0Zr25.0,[5],15
B20.0Fe70.0Y3.0Nb4.0Hf3.0,"[1, 2, 5, 6, 9]",3.5
B5.5C7.0Al2.0Si3.3P8.7Cr2.3Fe71.2,[2],3
Mg54.0Cu26.5Ag8.5Gd11.0,[5],25
B12.0C4.0Co84.0,[9],0
B8.0Cr14.0Fe78.0,[9],0
Al3.0Ni12.5Cu12.5Pr72.0,"[9, 7]",1.5
B4.0C14.0Cr16.5Fe43.0Co4.5Y1.5Mo16.5,[2],10
B22.0Fe72.0Zr2.4Nb3.6,[2],1.5
Mg87.5Ca7.5Zn5.0,[9],0
C18.0Fe68.0W14.0,[9],0
B4.0C4.0Si3.0P10.0Fe77.0Mo2.0,"[1, 2, 5, 6, 9]",2.5
Mg65.0Cu20.0Zn5.0Y10.0,"[9, 5, 7]",1
Al14.6Ni10.4Cu10.4La64.6,"[9, 7]",5
Fe50.0Cu25.0Ag25.0,[9],0
P17.0Co5.0Ni78.0,[9],0
Al57.0Si15.0Cr28.0,[9],0
B2.0C19.0Cr6.0Fe52.6Co5.85Mo14.0Er0.5,[9],2
Si13.3Cu20.2Ga6.7Pd2.4Ag5.8Au51.6,"[1, 6]",3
Be34.0Ti41.0Zr25.0,[5],5
B22.0C5.0Ni73.0,[9],0
Al23.5Co20.5Zr53.0Ag3.0,"[1, 6]",5
B6.0Cr20.0Fe74.0,[9],0
Al2.0Cu36.0Zr48.0Ag14.0,"[1, 6]",2
Mg80.0Ni5.0Y15.0,[9],0
Al8.0Ni4.0Cu36.0Zr44.0Ag8.0,"[1, 6]",30
Al9.0Fe4.5Cu23.0Zr62.0Hf3.0,"[1, 6]",10
Mg60.0Si0.5Ni23.6La15.9,"[1, 6]",1
Al7.0Cu46.0Y2.0Zr45.0,"[1, 5, 6, 7]",8
B12.0Mn15.0Fe73.0,[9],0
Mg19.0Ca47.0Cu27.0Zn7.0,"[9, 5, 7]",6
C14.0Co76.0Mo10.0,[9],0
Al7.5Cu22.5Zr60.0Nb5.0Pd5.0,"[1, 6]",4
B11.0C1.0Si2.0P3.0Fe83.0,[2],0.081
Cu46.0Zr54.0,"[1, 5, 6, 7, 9]",2
Al88.0Co1.0Ni11.0,[9],0
Al94.0Co4.0Ni2.0,[9],0
Al88.0Fe2.0Ni10.0,[9],0
B12.8Si2.75P4.13Fe39.0Ni39.0Nb2.3,[2],2.5
Al8.0Ni6.0Cu16.0Zr70.0,"[1, 5, 6, 7, 9]",6
Fe20.0Cu49.0Ag31.0,[9],0
Al15.0Ni17.5Cu9.5Zr54.0Nb4.0,"[1, 6]",6
B18.0Ti3.5Fe77.0Zr1.5,[2],1
Al86.0Co2.0Ni12.0,[9],0
Mg60.0Ni23.6Y1.0La15.4,"[1, 5, 6, 7]",3
P21.5Co12.5Ni66.0,[9],0
Al12.5Cu20.0Ag5.0La62.5,"[1, 5, 6, 7, 9]",6
B2.0C8.0Si1.0P9.0Fe80.0,[2],1.5
Al82.0Sm18.0,[9],0
B20.0Fe72.0Y1.0Nb4.0Hf3.0,"[1, 2, 5, 6, 9]",3
B6.0P14.0Fe75.0Co5.0,[2],3
B15.0Al1.0Fe61.0Co6.0Y2.0Zr8.0Mo7.0,"[1, 2, 5, 6, 9]",5
Si10.0P5.0Cu4.0Pd79.0Ag2.0,"[1, 5, 9, 6]",5
B19.2Si4.8Fe71.0Nb4.0Tb0.96,[9],1
B1.7C8.3P10.0Fe75.0Mo5.0,[2],1.5
Mg15.0Ca65.0Cu20.0,"[9, 5, 7]",4
B5.0C9.0Al3.0P6.0Fe77.0,[2],1
Si20.0Ti50.0Nb30.0,[9],0
Si25.0Ti25.0Nb50.0,[9],0
Al65.0V15.0Cu20.0,[9],0
B6.0C15.0Cr6.0Fe52.6Co5.85Mo14.0Er0.5,"[9, 2]",4
Ti10.0Cu40.0Zr30.0Ag20.0,"[1, 5, 6, 7, 9]",3
Fe16.0Ag84.0,[9],0
Al10.0Cu20.0Nb1.0Ce69.0,"[1, 5, 6, 7, 9]",10
B2.0Al10.0Cu20.0Ce68.0,"[1, 5, 6]",2
B13.0C12.0Ni75.0,[9],0
Ti20.0Cu80.0,[9],0
Al12.5Fe5.0Cu15.0Ag5.0La62.5,"[1, 5, 6, 7, 9]",6
Mg31.8Ca31.8Cu36.4,"[1, 5, 6, 7, 9]",8
Al19.8Co19.8Cu4.95Zr54.4Ag1.0,[7],10
B16.0C20.0Co64.0,[9],0
Al20.0Ti80.0,[9],0
Al9.28Ni2.69Cu35.2Zr50.1Ag2.69,[5],20
B10.0Cr5.0Fe85.0,[9],0
Ti35.0Ni65.0,[9],0
Al92.5Ca7.5,[9],0
B0.5Al7.0Si3.0Sc3.0Ti53.0Ni18.5Cu15.0,"[1, 5, 9, 6]",2
B16.7Si8.3Fe70.7Cu1.0Zr3.3,[2],1.5
B8.0Mn5.0Fe87.0,[9],0
Al50.0Cu50.0,[9],0
Al7.0Cu43.0Zr48.0Ag2.0,"[1, 5, 6, 7, 9]",12
B5.0C10.0P10.0Fe65.0Ni5.0Mo5.0,[2],3
Al10.0Ti90.0,[9],0
Al12.3Ni9.0Cu28.0Zr50.7,"[1, 6]",7
Mg63.0Cu27.0Gd10.0,"[1, 5, 6, 7, 9]",4
Al50.0V10.0Cu40.0,[9],0
P25.0Ni60.0Pt15.0,[9],0
Ti40.0Cu32.0Zr10.0Pd18.0,"[1, 5, 6, 7, 9]",3
Be20.0Ti55.0Ni10.0Zr15.0,"[1, 6]",5
Al94.0Mn2.0Co4.0,[9],0
Al9.0Ti3.0Fe4.5Cu23.0Zr60.5,"[1, 6]",10
Al80.0Ni5.0Y15.0,[9],0
Al86.0Fe7.0Ni7.0,[9],0
Mg60.0Cu25.0Ce15.0,[9],0
Ni10.5Cu11.0Ga8.5Ce70.0,"[1, 6]",2
C14.0Co76.0W10.0,[9],0
Al7.5Ni10.0Cu17.5Zr65.0,"[1, 5, 6, 7, 9]",16
Al8.0Cu36.0Zr42.0Ag8.0Hf6.0,"[1, 5, 6, 7]",15
B6.0C15.0Fe57.6Co6.4Mo14.0Er1.0,[2],3.5
B2.0C9.0P9.0Fe80.0,[2],1.8
B5.0C10.0P10.0Fe55.0Ni15.0Mo5.0,[2],3
Al15.0Fe56.7Tb28.3,[9],0
B20.0Si4.0Fe70.0Nb6.0,[2],2
B4.0C6.0Al5.0Si1.0P10.0Fe72.0Ga2.0,[2],2
Al17.0Ni12.2Cu12.2La58.6,"[9, 7]",5
Si1.0Ti47.0Fe2.5Cu38.0Zr7.5Ag2.0Sn2.0,[5],7
B16.0Fe64.0Cu20.0,[9],0
Mg90.0Mn10.0,[9],0
B8.0C18.0Cr16.0Fe42.0Mo16.0,[2],1.2
Al16.0Co28.0Y5.0Zr51.0,"[1, 6]",5
B25.0Si2.5Ni72.5,[9],0
Al82.0Mn4.0Ni14.0,[9],0
Mg65.0Ni7.5Cu7.5Zn5.0Y7.5Ag5.0Gd2.5,"[1, 5, 6, 7, 9]",9.5
Cu44.0Zr44.0Ag12.0,"[1, 5, 6, 7, 9]",4
Al12.5Co5.0Cu15.0Ag5.0La62.5,"[1, 5, 6, 7, 9]",9
Al88.0Co11.0Ni1.0,[9],0
Al65.0Fe20.0Ce15.0,[9],0
Si30.0Co70.0,[9],0
B6.0C15.0Cr15.0Fe48.0Mo14.0Tm2.0,[2],12
Al77.0Fe5.0Ce18.0,[9],0
Al24.0Sc20.0Co20.0Y36.0,"[1, 5, 6, 7, 9]",25
C2.0Al10.0Cu20.0Ce68.0,"[1, 5, 9, 6]",2
Al10.0Fe5.0Cu25.0Zr60.0,[5],20
C18.0Ni58.0Mo24.0,[9],0
B2.0C10.0P12.0Fe71.0Nb2.0Mo3.0,"[1, 5, 9, 6]",1
C10.0Si5.0Ni85.0,[9],0
Al15.0Ni15.0Cu10.0Ce60.0,"[9, 5, 7]",3
Si2.0Ti9.0Ni59.0Zr21.0Nb6.0Sn3.0,[5],3
Si88.0Ti2.0Zr10.0,[9],0
B2.0C8.0Si1.0P9.0Fe79.0Sn1.0,[2],3
Mg25.0Ca50.0Cu25.0,"[9, 5, 7]",9
Ni5.0Cu20.0Zr75.0,[9],0
B4.0C4.0P12.0Cr7.0Fe55.0Ni15.0Mo3.0,"[1, 6]",2.5
Mg60.0Si0.5Ni23.6Y0.5La15.7,"[1, 6]",1
Mg31.8Ca22.7Cu45.5,"[1, 5, 6, 7, 9]",1.25
Ti9.9Cu59.4Zr29.7Sn1.0,"[9, 7]",5
B4.0C4.0Si2.5P9.5Fe78.0Ga2.0,[2],2
Al94.0Ni4.0Nd2.0,[9],0
Ti10.0Ni40.0Cu50.0,[9],0
B2.0C9.0P9.0Cr16.0Fe64.0,[2],0.5
B6.0C13.0Cr10.0Fe60.0Mo9.0Er2.0,"[2, 5]",8
Al60.0Ni20.0Ce20.0,[9],0
Mg31.8Ca27.3Cu40.9,"[1, 5, 6, 7, 9]",3
B14.0Al8.0Co78.0,[9],0
Mg23.2Ca23.0Cu7.7Ag46.2,"[1, 6]",2
C22.0Fe74.0W4.0,[9],0
Cu52.5Ga5.0Zr42.5,"[9, 5, 7]",2
B6.0C15.0Cr15.0Co48.0Mo14.0Er2.0,"[1, 5, 6]",10
Ti10.0Ni5.0Cu45.0Zr30.0Ag10.0,"[1, 5, 6, 7, 9]",5
Si16.5Cu29.2Pd2.3Au52.0,"[1, 5, 9, 6]",2
Ni60.0Zr10.0Nb30.0,"[1, 5, 6, 7, 9]",2
B8.0Cr16.0Fe76.0,[9],0
C13.0Cr40.0Fe47.0,[9],0
B19.2Si4.8Fe21.6Ni50.4Nb4.0,[9],2.5
Si10.0P5.0Cu6.0Pd79.0,"[1, 5, 6]",5
Fe37.0Cu63.0,[9],0
Al16.0Co21.7Zr53.0Ag9.3,[5],16
Ti10.0Ni5.0Cu55.0Zr30.0,"[9, 5, 7]",2
B19.2Si4.8Fe14.4Ni57.6Nb4.0,[9],2
C15.0Si15.0Ni70.0,[9],0
Si10.0P5.0Cu5.0Pd79.0Ag1.0,"[1, 5, 9, 6]",4
B4.0C4.0Si2.0P10.0Cr6.0Fe70.0Ga2.0Mo2.0,[2],3
Al2.0Cu92.0Ce6.0,[9],0
B22.0Fe67.0Ni5.0Y6.0,"[1, 2, 5, 6, 9]",1
B50.0C8.0Ni42.0,[9],0
Ti17.0Ni20.0Cu14.0Zr49.0,"[1, 5, 6, 7, 9]",3
Mg18.2Ca40.9Cu40.9,"[1, 5, 6, 7, 9]",3
B14.2Si2.75P2.75Fe62.4Ni15.6Nb2.3,[2],1
Al8.0Ni16.0Cu6.0Zr70.0,"[1, 5, 6, 7]",8
Mg30.0Ca40.0Cu30.0,"[9, 7]",0.5
B6.0C16.0Cr4.0Mn10.0Fe49.0Mo14.0W1.0,[2],4
Cu52.5Ga7.5Zr40.0,"[9, 5, 7]",1.5
C15.0Cr10.0Fe64.0Mo9.0Er2.0,"[2, 5]",5
Al16.3Ni12.0Cu20.7Zr51.0,"[1, 5, 6, 7, 9]",3
Mg10.0Ca65.0Zn25.0,"[9, 5, 7]",2
P6.0Cu85.0Ag9.0,[9],0
Be20.0Ti20.0Ni5.0Cu15.0Zr20.0Hf20.0,"[1, 5, 6]",15
Mg15.0Ca55.0Cu30.0,"[9, 5, 7]",3
Mg58.0Cu24.8Ag6.2Gd11.0,[5],25
B17.0Si8.0Fe30.0Co30.0Ni15.0,[2],1.2
Ti6.0Cu44.2Zr35.0Ag14.7,"[1, 6]",8
B22.0Ti2.0Fe72.0Y4.0,"[9, 2, 5]",3
B8.0C13.0Cr15.0Fe42.0Co6.0Mo14.0Tm2.0,"[1, 6]",8
Mg33.3Ca33.3Ca33.3,"[1, 6]",3
Ti10.0Cu60.0Zr30.0,"[1, 5, 6, 7, 9]",4
B22.0Fe69.0Ni3.0Y6.0,"[1, 2, 5, 6, 9]",1.5
Al90.0Fe10.0,[9],0
Fe63.0Cu20.0Ag17.0,[9],0
Cu46.0Zr46.0Ag8.0,"[1, 5, 6, 7, 9]",4
Al70.0Cu15.0Ce15.0,[9],0
B4.0C4.0Si3.0P10.0Fe78.0Mo1.0,"[1, 2, 5, 6]",1.5
Si16.5Cu12.0Pd71.5,"[1, 5, 9, 6]",2
B4.0C4.0Si2.0P10.0Cr2.0Fe74.0Ga2.0Mo2.0,[2],2.5
B6.0C15.0Fe44.5Co19.5Mo14.0,[2],1.5
P19.0Co14.0Ni67.0,[9],0
Fe66.7Tb33.3,[9],0
Al80.0Ni5.0Ce15.0,[9],0
Fe29.0Cu8.0Ag63.0,[9],0
B19.2Si4.8Fe68.1Nb4.0Tb3.84,[9],3.5
B16.7Si8.3Fe71.7Zr3.3,[2],2.5
C20.0Fe64.0W16.0,[9],0
Be6.0Al8.0Cu31.6Zr46.0Ag8.36,"[5, 7]",35
Mg30.0Ca50.0Cu20.0,"[9, 5, 7]",2
Al86.0Co14.0,[9],0
B15.0C6.0Cr15.0Fe48.0Mo14.0Tm2.0,[2],1.5
Mg60.0Ni23.6Y0.75La15.6,"[1, 5, 6, 7, 9]",4
Al10.0Fe5.0Cu20.0Zr60.0Nb5.0,"[1, 6]",5
Cu15.0Ga15.0Ce70.0,"[1, 6]",3
Mg25.0Ca30.0Cu45.0,"[1, 5, 6, 7, 9]",2.5
Al88.0Mn2.0Co10.0,[9],0
Cu86.0Ag6.0Ce8.0,[9],0
Mg23.1Ca15.4Ag61.5,"[9, 7]",0.5
Al9.0Fe4.5Cu23.0Zr59.0Hf4.5,"[1, 6]",8
B22.0Fe72.0Y3.0W3.0,"[9, 5]",1
Be45.0Ti55.0,[9],0
B28.0Si12.0Ni60.0,[9],0
Mg20.0Ca55.0Cu25.0,"[9, 5, 7]",2
Al83.0Mn7.0Ce10.0,[9],0
B6.0P14.0Fe60.0Co20.0,[2],1.2
B15.0Si10.0Fe75.0,[2],0.25
B22.0Fe66.0Co6.0Y6.0,"[1, 2, 5, 6, 9]",2
Fe27.0Cu45.0Ag28.0,[9],0
C7.0P13.0Fe75.0Ni5.0,[2],2.5
C14.0Fe78.0W8.0,[9],0
C16.0Ni68.0Mo16.0,[9],0
Ti7.5Cu50.0Zr42.5,"[1, 5, 6, 7, 9]",5
Al8.0Cu36.0Zr42.0Pd6.0Ag8.0,"[1, 6]",20
B24.0Ni76.0,[9],0
Al6.0Cu50.0Zr42.0Ag2.0,"[1, 6]",9
B6.0C12.0Cr7.0Mn5.0Fe56.0Mo12.0Er2.0,"[1, 2, 5, 6, 9]",8
Al65.0V20.0Cu15.0,[9],0
B22.0Fe68.0Y6.0Nb4.0,[2],5
B30.0Mo70.0,[9],0
B20.0Si2.5Ni77.5,[9],0
Ti20.0Ni60.0Cu20.0,[9],0
Mg65.0Ni7.5Cu7.5Zn5.0Ag5.0Gd10.0,"[1, 5, 6, 7, 9]",11
B23.0Fe64.0Nb6.0Er7.0,[2],2
Al10.0Ni20.0Ce70.0,"[1, 5, 6, 7, 9]",1
B16.7Si8.3Fe71.0Cu0.7Zr3.3,[2],2
B3.0C18.0Cr15.0Fe49.0Mo14.0Er1.0,"[9, 2, 5]",4
Fe24.0Cu76.0,[9],0
B15.6Si7.8Fe72.5Cu0.7Zr1.7Nb1.7,[2],2.5
P22.0Co7.0Ni71.0,[9],0
Al25.0Co20.0Nd55.0,"[9, 5, 7]",2
Si2.0Ti16.0Ni59.0Zr17.0Nb3.0Sn3.0,[5],1
Be20.0Ti20.0Ni10.0Cu10.0Zr20.0Hf20.0,"[1, 5, 6]",25
Al48.0Ni15.0Ce70.0,"[1, 6]",1
Al89.0Mn2.0Ni9.0,[9],0
Mg3.2Al10.8Cu24.0La62.0,"[1, 5, 6, 7, 9]",10
Al10.0Ni12.5Cu15.5Nb5.0Ce57.0,"[9, 5, 7]",2
Ti7.0Cu46.4Zr35.0Ag11.6,"[1, 5, 6, 7, 9]",6
Ti15.0Cu60.0Hf25.0,"[1, 5, 6, 7]",4
Al23.5Co14.5Zr53.0Ag9.0,"[1, 6]",5
Mg20.0Ca50.0Cu25.0Zn5.0,"[9, 5]",10
C16.0Co74.0Mo10.0,[9],0
Al92.0Fe6.0Co2.0,[9],0
Mg50.0Ni30.0La20.0,"[1, 5, 6, 7, 9]",1
Mg25.0Ca65.0Zn10.0,[7],0.5
B17.0Fe74.0Y3.0Nb6.0,"[1, 2, 5, 6]",2
Mg60.0Cu20.0Ce20.0,[9],0
Al6.0Cu44.0Zr44.0Ag6.0,"[1, 5, 6, 7]",10
C7.0P13.0Fe50.0Ni30.0,[2],1.8
B5.0C7.0Si3.3P8.7Fe71.0Ni5.0,[2],3
Be26.3Al4.55Ti37.3Cu9.0Zr22.7,[5],10
Mg30.0Ni10.0Nd60.0,[9],0
Al25.0Zr75.0,[9],0
Mg60.0Ni10.0La30.0,[9],0
Ti20.0Ni30.0Cu50.0,[9],0
Al25.0Co20.0Ho55.0,"[9, 5, 7]",3
Al9.5Fe4.75Cu21.8Zr58.9Ag5.0,"[9, 7]",5
Al10.0Ni10.0Cu10.0Nb5.0Ce65.0,"[9, 5, 7]",5
B17.0Fe74.5Y2.5Nb6.0,[2],1
Al8.0Si4.5Ti20.0Ni42.0Cu5.0Zr20.5,"[1, 5, 9, 6]",2
Al4.0Cu46.0Zr44.0Ag6.0,"[1, 6]",11
Mg22.7Ca27.3Cu50.0,"[1, 5, 6, 7]",1.5
B5.0Fe83.0Nb12.0,[9],0
Cu45.0Zr25.0Ag10.0Hf20.0,"[1, 5, 6, 7, 9]",3
Al25.0Ni10.0Cu10.0La55.0,"[1, 5, 6, 7, 9]",5
B20.0Fe71.0Y2.0Nb4.0Hf3.0,"[1, 2, 5, 6, 9]",4
Al7.0Cu46.0Y5.0Zr42.0,"[1, 5, 6, 7]",10
B22.0Fe68.0Nb4.0Dy6.0,[2],3
B6.0C15.0Cr5.0Fe58.0Mo14.0Er2.0,"[1, 2, 5, 6, 9]",6
Al16.0Co10.0Ni5.0Cu5.0La32.0Ce32.0,"[1, 5, 6, 7]",10
Ti80.0Ni20.0,[9],0
Be10.0Ti9.0Cu54.0Zr27.0,"[9, 7]",5
Mg65.0Cu15.0Ag10.0Er10.0,"[1, 5, 6, 7, 9]",6
B7.0C15.0V1.0Cr4.0Mn10.0Fe49.0Mo14.0,[2],3
Al18.6Co18.6Cu4.65Zr51.1Ag7.0,"[9, 7]",14
B14.0Si6.0Ni80.0,[9],0
Al7.0Cu45.0Zr45.0Ag3.0,"[1, 5, 6, 7, 9]",8
B7.5C17.5Cr16.0Fe43.0Mo16.0,[2],2.2
Ti50.0Ni37.0Cu13.0,[9],0
Si2.0Ti14.0Ni59.0Zr13.0Nb9.0Sn3.0,"[9, 5]",2
Al88.0Cu10.0Ce2.0,[9],0
B6.0C14.0Cr14.0Fe50.0Y2.0Mo14.0,[2],4
B19.8Si3.96Fe71.2Y1.0Nb3.96,[9],2
Al16.3Ni11.6Cu11.6La60.5,"[9, 7]",8
B2.0Cr20.0Fe78.0,[9],0
C16.0Fe80.0W4.0,[9],0
B12.0C9.0Cr15.0Fe42.0Co6.0Mo14.0Tm2.0,"[1, 6]",2
Ti25.0Cu75.0,[9],0
B7.0C15.0Cr3.0Mn10.0Fe49.0Mo13.0W3.0,[2],2
B8.0Cr5.0Fe87.0,[9],0
Mg50.0Al20.0Zn30.0,[9],0
Si1.0Ti33.0Ni8.0Cu47.0Zr5.0Nb6.0,"[1, 5, 9, 6]",2
Al14.0Cu76.0Nd10.0,[9],0
Mg57.0Cu31.0Y6.6Nd5.4,"[1, 5, 6, 7, 9]",14
Si30.0Ti40.0Ni30.0,[9],0
Al33.6Ca66.4,"[9, 5, 7]",1
Al20.0Co25.0Zr55.0,"[1, 5, 9, 6]",2.5
Al10.0Ni2.0Cu20.0Ce68.0,"[1, 5, 6, 7, 9]",5
Al85.0Si7.0Fe8.0,[9],0
B5.0C7.0Si3.3P8.7Fe76.0,"[1, 2, 6]",1
Al25.0Co20.0Pr55.0,"[9, 5, 7]",5
Al96.0Co4.0,[9],0
B5.5C7.0Al2.0Si3.3P8.7Cr2.3Fe61.7Co7.0Mo2.5,[2],4
Al7.0Cu46.0Zr47.0,"[1, 5, 6, 7, 9]",3
Al89.0Fe4.0Ni7.0,[9],0
Al89.0Co3.0Ni8.0,[9],0
Al14.0Cu22.0Ag2.0La62.0,"[1, 5, 6, 7, 9]",5
B19.2Si4.8Ni72.0Nb4.0,[9],0.5
Cu42.0Zr42.0Ag16.0,"[1, 5, 6, 7, 9]",2
Al40.0Cu20.0La40.0,[9],0
Al15.0Cu20.0Ag5.0La60.0,"[1, 5, 6, 7, 9]",5
B6.0C15.0Cr15.0Fe45.0Co3.0Y2.0Mo14.0,"[1, 2, 5, 6, 9]",8
Al84.0Mn6.0Ni10.0,[9],0
Al8.0Cu26.0Zr48.0Pd10.0Ag8.0,"[1, 6]",15
Mg20.0Ca55.0Zn25.0,"[9, 5, 7]",2
Mg30.0Cu20.0La50.0,[9],0
Mg70.0Ni15.0Nd15.0,"[1, 5, 6, 7, 9]",1.5
B2.0C10.0P12.0Cr2.0Fe69.0Mo5.0,[2],3
B17.0Fe69.0Y3.0Zr5.0Nb6.0,[2],3
Al85.0Si5.0Cr10.0,[9],0
Mg90.0Y5.0Ag5.0,[9],0
Be22.5C2.0Ti14.0Ni8.0Cu12.5Zr41.0,"[1, 5, 9, 6]",5
P20.0Ni40.0Pd40.0,"[1, 5, 9, 6]",25
C18.0Co62.0W20.0,[9],0
Si16.5Cu6.0Pd77.5,"[1, 5, 9, 6]",1.5
Mg65.0Cu25.0Y5.0Gd5.0,"[1, 5, 6, 7, 9]",5
B23.0Fe71.0Zr1.2Nb4.8,[2],2
Al25.0Ni20.0La55.0,"[1, 5, 6, 7]",3
Mg70.0Ni20.0La10.0,"[9, 7]",0.4
B14.4Si9.6Fe72.0Nb4.0,[9],1.5
Al15.2Ni10.8Cu10.8La63.1,"[9, 7]",10
Be26.0Ti27.0Fe6.0Cu10.0Zr31.0,"[1, 6]",13
Al24.0Sc20.0Co10.0Ni10.0Y36.0,"[1, 5, 6, 7, 9]",25
Al4.0Ni61.0Zr28.0Nb7.0,"[1, 5, 6, 7, 9]",1
Al23.5Co22.5Zr53.0Ag1.0,"[1, 6]",3
Ni8.5Cu13.0Ga8.5Ce70.0,"[1, 6]",3
Mg20.0Y40.0Ag40.0,[9],0
Mg36.4Ca18.1Cu45.5,"[1, 5, 6, 7, 9]",2
Si11.0Zr59.0Nb30.0,[9],0
Mg61.0Cu29.0Gd10.0,"[1, 5, 6, 7, 9]",4
B20.0Fe56.0Co7.0Ni7.0Zr6.0Nb2.5Ta1.5,[2],3
Mg65.0Ni20.0La15.0,[7],0.5
Al19.4Co19.4Cu4.85Zr53.3Ag3.0,"[9, 7]",16
B10.0Cr18.0Fe72.0,[9],0
B25.0Si15.0Mo60.0,[9],0
Al9.0Fe4.5Cu23.0Zr63.5,"[1, 6]",6
Mg58.5Cu30.5Gd11.0,"[1, 5, 6, 7, 9]",8
Ti40.0Cu26.0Ga10.0Zr10.0Pd14.0,"[1, 6]",2
Mg65.0Cu25.0Y10.0,"[1, 5, 6, 7, 9]",4
B20.0Fe61.0Co10.0Zr5.0W4.0,[2],1
Mg90.0Ca5.0Zn5.0,[9],0
B18.0Ti4.0Fe77.0Zr1.0,[2],1
Al13.0Ni25.0Zr62.0,"[1, 6]",12
B6.0C15.0Fe63.5Mo14.0Er1.5,[2],3
B10.0C15.0Cr16.0Fe43.0Mo16.0,[2],2.7
B20.0Si4.0Fe71.4Cu0.6Nb4.0,[2],1.5
Ti80.0Cu20.0,[9],0
Al40.0Ti60.0,[9],0
Al90.0Co5.0Ni5.0,[9],0
Al8.0Cu36.0Zr42.0Ag8.0Au6.0,"[1, 6]",15
B22.0Fe69.0Y6.0Mo3.0,"[1, 2, 5, 6, 9]",6
B5.5C6.0Si3.3P8.7Fe75.5Cu1.0,[2],1
Al15.0Cu15.0Ce70.0,"[1, 5, 6, 7, 9]",2
Al13.0Ni25.0Zr58.0Nb4.0,"[1, 6]",15
Al90.0Cu5.0Ce5.0,[9],0
Al16.0Co3.0Ni5.0Cu12.0La32.0Ce32.0,"[1, 5, 6, 7, 9]",10
B6.0C15.0Cr15.0Fe46.0Nb4.0Mo14.0,[2],3
Mg17.5Ca62.5Zn20.0,"[9, 5, 7]",10
Al4.0Ni61.0Zr22.0Nb7.0Ta6.0,"[1, 5, 6, 7, 9]",2
B4.0C2.0Al4.0Si4.0P10.0Fe74.0Sn2.0,[2],2
B2.0C10.0P12.0Fe66.0Mo10.0,[2],2.5
Mg65.0Ni20.0Nd15.0,"[1, 5, 6, 7, 9]",3.5
Mg63.5Cu27.5Gd9.0,"[1, 5, 6, 7]",4
Mg17.5Cu5.0Zn15.0Yb62.5,"[5, 7]",4
Al7.0Cu47.0Zr43.0Ag3.0,"[1, 5, 6, 7, 9]",5
B2.0Co82.0Zr16.0,[9],0
Si0.6Ti7.41Cu49.4Zr41.9Sn0.6,[9],7
B6.0C15.0Cr6.0Fe59.0Mo14.0,"[1, 2, 6]",1.5
Ni5.0Cu16.5Ga8.5Ce70.0,"[1, 6]",6
B4.0Cr12.0Fe84.0,[9],0
Al17.9Ni12.8Cu12.8La56.5,"[9, 7]",2
Mg25.0Ca55.0Cu20.0,"[9, 5, 7]",8
Mg20.0Cu40.0Nd40.0,[9],0
B12.0Mn68.0Fe20.0,[9],0
B6.0Cr24.0Fe70.0,[9],0
Mg65.0Cu25.0Nd10.0,"[1, 5, 6, 7, 9]",1
Mg65.0Cu15.0Ag10.0Gd10.0,"[1, 5, 6, 7, 9]",7.5
Al82.0Fe4.0Ni14.0,[9],0
Mg65.0Cu15.0Y4.0Ag10.0Gd6.0,"[1, 5, 6, 7]",8
B4.0C4.0P12.0Cr7.0Fe62.0Ni8.0Mo3.0,"[1, 6]",2
C16.0Cr40.0Co44.0,[9],0
C10.0Fe82.0W8.0,[9],0
Be28.0Ti41.0Zr25.0Ag6.0,[5],10
Mg60.0Cu20.0La20.0,[9],0
Si12.3Cu18.7Ga8.2Pd2.4Ag5.8Au52.6,"[1, 6]",2
Si9.0Zr61.0Nb30.0,[9],0
B19.2Si4.8Fe66.2Nb4.0Tb5.76,[9],3
Cu85.0Ag10.0Ce5.0,[9],0
B9.0Si8.0Fe83.0,[9],0
Al35.0Ti20.0Cu45.0,[9],0
Al90.0Mn6.0Ni4.0,[9],0
B2.5C7.5P10.0Fe75.0Mo5.0,[2],2
B5.0C10.0P10.0Fe50.0Co25.0,[2],1.5
Al8.0Ni2.0Cu36.0Zr46.0Ag8.0,"[1, 6]",25
B20.0Fe56.0Co7.0Ni7.0Zr6.0Nb2.5Mo1.5,[2],3
C16.0Co68.0W16.0,[9],0
B2.0C10.0P12.0Fe71.0Mo5.0,[2],3
Al14.0Cu20.0La66.0,"[1, 5, 6, 7]",2
Cu59.0Ag40.0Ce1.0,[9],0
Al94.0Fe2.0Co4.0,[9],0
B19.2Si4.8Fe57.6Co14.4Nb4.0,[9],2.5
Al25.0Mn25.0Cu50.0,[9],0
Al60.0La40.0,[9],0
Al8.0Cu86.0Nd6.0,[9],0
Al25.0Ni5.0Cu15.0La55.0,"[9, 5, 7]",4
Si1.0Ti33.0Ni8.0Cu47.0Nb11.0,"[1, 6]",0.5
Al10.0Ni10.0Cu20.0Ce60.0,"[1, 5, 6, 7, 9]",1
B2.0Fe78.0Ni20.0,[9],0
Al94.0Co2.0Ce4.0,[9],0
B10.0Si2.75P6.88Fe39.0Ni39.0Nb2.3,[2],1.5
B4.0C4.0Si2.0P10.0Fe74.0Ga2.0Mo4.0,"[1, 2, 5, 6]",1.5
B22.0Fe68.0Ni4.0Y6.0,"[1, 2, 5, 6]",1.5
Be7.0Ti45.0Ni15.0Cu25.0Zr5.0Sn3.0,"[1, 5, 6, 7, 9]",5
Be26.9Al4.65Ti38.1Cu7.0Zr23.2,[5],10
Mg60.0Ni23.6Y0.5La15.9,"[1, 5, 6, 7, 9]",4
C7.0P13.0Fe75.0Co5.0,[2],2.3
Al16.0Co5.0Ni5.0Cu10.0La32.0Ce32.0,"[1, 5, 6, 7, 9]",12
Al14.0Co6.0Ni6.0Cu10.0Ag2.0La62.0,"[9, 7]",16
Mg10.0Ca50.0Cu25.0Zn15.0,"[9, 5, 7]",2
Si5.0Ti16.0Ni59.0Zr20.0,"[1, 5, 9, 6]",2
Be23.8Ti34.8Fe5.1Cu15.0Zr21.2,[5],15
B22.0Cr4.0Fe64.0Y6.0Nb4.0,[2],5
Fe10.0Cu32.0Ag58.0,[9],0
Ti10.0Cu45.0Zr30.0Ag15.0,"[1, 5, 6, 7, 9]",5
B6.0C15.0Cr20.0Fe47.0Y2.0Mo10.0,"[1, 2, 6]",5
Al82.0Mn8.0Ni10.0,[9],0
Al60.0Si35.0Cr5.0,[9],0
Cu57.5Ga5.0Zr37.5,"[9, 5, 7]",1
Al8.0Si3.5Ti20.0Ni42.0Cu5.0Zr21.5,"[1, 5, 9, 6]",2.5
B6.0C15.0Cr4.0Fe60.5Mo14.0Er0.5,"[9, 2, 5]",3
Al86.0Mn2.0Co12.0,[9],0
Al8.0Fe6.0Cu36.0Zr42.0Ag8.0,"[1, 6]",4
B20.0Ti1.5Fe56.0Co7.0Ni7.0Zr6.0Nb2.5,[2],3
B11.0C1.0Si3.0P2.0Fe83.0,[2],0.067
Mg10.0Ca70.0Zn20.0,"[9, 7]",0.5
Al25.0Co20.0Y16.0Lu39.0,"[9, 5, 7]",5
Mg80.0Al15.0Zn5.0,[9],0
B6.0C15.0Fe64.0Mo14.0Er1.0,[2],3.5
B4.0C4.0Si2.5P9.5Fe77.0Ga3.0,[2],2.5
Al15.0Ni17.5Cu7.5Zr56.0Nb4.0,"[1, 6]",6
Al62.5Fe12.0Ce25.5,[9],0
Fe20.0Cu40.0Ag40.0,[9],0
B6.0C15.0Cr4.0Mn10.0Fe51.0Y2.0Mo12.0,[2],6.5
Be7.0Ti50.0Ni15.0Cu25.0Sn3.0,"[1, 5, 6, 7, 9]",2
Be20.0Ti20.0Co20.0Zr20.0Hf20.0,"[1, 6]",3
C5.0Si25.0Co70.0,[9],0
B20.0Si4.0Fe71.0Cu1.0Nb4.0,[2],1
Si15.0Ti35.0Nb50.0,[9],0
B6.0C15.0Cr4.0Mn10.0Fe49.0Mo14.0Er2.0,[2],5
P19.0Co10.0Ni71.0,[9],0
Mg90.0Ca10.0,[9],0
Si10.0Ni90.0,[9],0
Al25.0Ni15.0Gd60.0,"[1, 5, 6, 7]",4
Al10.0Co25.0La28.0Ce42.0,[5],12
Al10.0Ni70.0Zr20.0,[9],0
B4.0C4.0Al4.0Si1.0P11.0Fe74.0Sn2.0,[2],2
B6.0C15.0Fe45.3Co19.4Mo14.0Er0.25,[2],2.5
Si20.0Nb45.0Mo35.0,[9],0
B17.0Fe71.0Y3.0Zr3.0Nb6.0,[2],3
Al10.0Fe20.0Co10.0Nd60.0,[7],5
Ti10.0Cu55.0Zr30.0Ag5.0,"[1, 5, 6, 7, 9]",3
B8.0Fe82.0Ni10.0,[9],0
Si2.0Ti11.0Ni59.0Zr16.0Nb9.0Sn3.0,"[9, 5]",2
Mg40.0Al30.0Zn30.0,[9],0
B5.0C7.0Si3.3P8.7Fe74.0Ga2.0,"[1, 6]",3
Al30.0Zr70.0,[9],0
C18.0Ni62.0Mo20.0,[9],0
Mg36.4Ca22.7Cu40.9,"[1, 5, 6, 7, 9]",1.5
P19.0Co12.5Ni68.5,[9],0
Fe29.0Cu71.0,[9],0
Mg25.0Ca45.0Cu30.0,"[9, 5, 7]",6
Al80.0Cu10.0La10.0,[9],0
Ni60.0Nb40.0,"[1, 5, 6, 7, 9]",1
Al60.0V5.0Ge35.0,[9],0
B5.0C7.0Si3.3P8.7Ti1.0Fe75.0,[2],1.5
Mg60.0Si0.25Ni23.6Y0.25La15.9,"[1, 6]",2
Ti75.0Ni25.0,[9],0
Al12.1Ni17.4Cu7.95Zr62.5,"[1, 5, 6, 7, 9]",7.5
Si10.0P5.0Cu2.0Pd79.0Ag4.0,"[1, 5, 9, 6]",7
B2.0Cr16.0Fe82.0,[9],0
Al83.0Cu15.0Ce2.0,[9],0
B22.0Fe56.0Co16.0Y6.0,"[1, 2, 5, 6, 9]",2.5
Al88.0Si2.0Cr10.0,[9],0
Be20.0Ti40.0Ni10.0Cu5.0Zr25.0,[5],5
Cu20.0Ga10.0Ce70.0,"[1, 6]",10
B2.0C10.0P12.0Cr3.0Fe63.0Mo10.0,"[9, 2, 5]",2.5
B8.0C1.0Si4.0P4.0Fe83.0,[2],0.055
B22.0Fe68.0Co4.0Y6.0,"[1, 2, 5, 6, 9]",2
Fe2.0Cu66.0Ag32.0,[9],0
B22.0Fe64.0Co8.0Y6.0,"[1, 2, 5, 6, 9]",2.5
B6.0C15.0Cr19.0Fe48.0Mo10.0Er2.0,[2],5
B7.0C15.0Cr4.0Mn10.0Fe48.0Mo16.0,[2],3
B6.0C15.0Fe63.0Mo14.0Er2.0,"[1, 2, 5, 6, 9]",3
Si13.0Ti37.0Nb50.0,[9],0
Mg65.0Cu15.0Pd5.0Ag5.0Gd10.0,"[1, 5, 6, 7, 9]",10
Ti47.5Ni7.5Cu42.5Zr2.5,"[1, 5, 6, 7, 9]",1.5
Si40.0Ti30.0Ni30.0,[9],0
P21.0Ni66.0Cu13.0,[9],0
Al88.0Mn10.0Ce2.0,[9],0
C5.0Co80.0W15.0,[9],0
Mg40.0Ni40.0Y20.0,[9],0
Mg75.0Cu15.0La10.0,[9],0
Si1.0Ti33.0Ni8.0Cu47.0Zr11.0,"[1, 5, 9, 6]",4
Si6.5Cu2.0Pd81.5,"[1, 6]",2
B2.5C7.5P10.0Fe66.6Ni7.4Mo6.0,[2],4
Mg80.0Cu5.0Nd15.0,[9],0
B5.5C7.0Al2.0Si3.3P8.7Cr2.3Fe65.7Co3.0Mo2.5,[2],5
Al90.0Si2.0Fe8.0,[9],0
Ti14.0Ni20.0Cu17.0Zr49.0,"[1, 5, 6, 7, 9]",4
Mg60.0Ni23.6La16.4,"[1, 5, 6, 7]",2.5
Be20.0Ti20.0Ni15.0Cu5.0Zr20.0Hf20.0,"[1, 5, 6]",20
B5.0C7.0Si3.3P8.7Fe75.5Zr0.5,[2],0.5
Be20.0Ti20.0Ni7.5Cu12.5Zr20.0Hf20.0,"[1, 5, 6]",20
B15.5Fe61.0Co7.0Zr9.5Mo5.0W2.0,[2],1.5
B22.0Fe70.0Y6.0W2.0,"[1, 2, 5, 6, 9]",3
B6.0C15.0Cr4.0Fe61.0Mo14.0,[2],2
Ti43.1Ni9.06Cu36.2Zr9.59Sn1.96,"[1, 5, 6, 7, 9]",3
Ti7.0Cu60.0Zr33.0,"[1, 5, 6, 7, 9]",3
Mg20.0Cu30.0La50.0,[9],0
Al20.0Mn3.0Ni22.0Gd55.0,"[1, 5, 6, 7, 9]",2
Si2.0Ti13.0Ni59.0Zr14.0Nb9.0Sn3.0,"[9, 5]",2
Mg15.0Ca60.0Zn25.0,"[9, 5, 7]",6
Li9.96Mg8.54Ca65.0Zn16.5,"[5, 7]",5
Al16.0Co28.0Zr58.0,"[1, 6]",2
Si5.0Ni95.0,[9],0
Al2.0Cu88.0Ce10.0,[9],0
Si16.3Cu26.9Pd2.3Ag5.5Au49.0,"[1, 5, 9, 6]",5
Cu48.0Zr48.0Ag4.0,"[1, 5, 6, 7, 9]",3
Al91.0Fe6.0Ni3.0,[9],0
Mg57.0Cu31.5Y9.2Nd2.3,"[1, 5, 6, 7, 9]",10
Be26.6Ti38.9Fe5.7Cu5.0Zr23.7,[5],12
B19.2Si4.8Fe7.2Co64.8Nb4.0,[9],2
B6.0P14.0Fe40.0Ni40.0,[2],2.5
Al10.0Cu86.0Nd4.0,[9],0
Al10.0Fe5.0Cu22.5Zr62.5,[5],20
Al4.0Cr0.5Cu47.5Zr48.0,"[1, 6]",3
B19.2Si4.8Fe36.0Co36.0Nb4.0,"[1, 6]",2
Al10.0Cu40.0Zr40.0Ag10.0,"[1, 5, 6, 7, 9]",3
Mg40.0Cu20.0Nd40.0,[9],0
B14.2Si2.75P2.75Fe70.2Ni7.8Nb2.3,[2],1
C8.0Ni72.0Mo20.0,[9],0
Si20.0Cu25.0Au55.0,"[1, 9, 6]",0.5
Al70.0La30.0,[9],0
Al14.0Ni24.0La62.0,"[1, 6]",2
Al60.0Fe15.0Ce25.0,[9],0
B3.0C10.0P10.0Cr3.0Fe64.0Mo10.0,"[9, 2, 5]",2.5
Al70.0Ni10.0Y20.0,[9],0
B1.0Cu20.0Zr79.0,[9],0
B12.5Si7.0Co80.5,[9],0
B22.0Fe70.0Y6.0Mo2.0,"[1, 2, 5, 6, 9]",3.5
C15.0Cr10.0Fe75.0,[9],0
Fe30.0Cu44.0Ag26.0,[9],0
Al10.0Co25.0La52.0Ce13.0,[5],12
Al84.0Co8.0Ni8.0,[9],0
Al14.0Ni12.0Cu12.0La62.0,"[1, 5, 6, 7]",12
B19.4Si3.88Fe69.8Y3.0Nb3.88,[9],4
Ti80.0Ni10.0Cu10.0,[9],0
Al10.0Cu88.0Ce2.0,[9],0
Al94.0Mn2.0Ni4.0,[9],0
B6.0C16.0Cr4.0Mn10.0Fe50.0Mo14.0,[2],4
Al7.5Cu52.5Hf40.0,"[9, 5, 7]",3
Mg60.0Cu23.2Ag5.8Gd11.0,[5],26
Mg75.0Cu10.0Ce15.0,[9],0
Be10.0Zr90.0,[9],0
Al85.0Co1.0Ni14.0,[9],0
B5.0C10.0P10.0Fe40.0Co35.0,"[1, 2, 6]",2
Al5.0Ti5.0Ni60.0Zr20.0Nb10.0,"[1, 5, 6, 7, 9]",2
Mg65.0Cu25.0Dy10.0,"[1, 5, 6, 7, 9]",3
Ni3.0Cu18.5Ga8.5Ce70.0,"[1, 6]",10
Al8.0Cu36.0Zr44.0Ag8.0Au4.0,"[1, 6]",20
Al15.0Co25.0Gd60.0,"[1, 5, 6, 7, 9]",5
C8.0Cr20.0Fe72.0,[9],0
B5.0C7.0P10.0Cr3.0Fe63.0Mo12.0,[2],2.5
B3.0Fe85.0Nb12.0,[9],0
B6.0C15.0Fe65.0Mo14.0,"[9, 2, 5]",1.5
Al70.0Ni10.0Ce20.0,[9],0
Si1.0Ti33.0Ni8.0Cu47.0Zr3.0Nb8.0,"[1, 5, 9, 6]",1
Ti30.0Ni40.0Cu30.0,[9],0
B5.0C7.0Si3.3P8.7Mn0.5Fe75.5,[2],1
Si2.0Ti9.0Ni59.0Zr19.0Nb8.0Sn3.0,[5],2
Al10.0Co2.0Cu20.0Ce68.0,"[1, 5, 6, 7, 9]",10
Be7.0Al7.0Cu43.0Zr43.0,"[1, 5, 6, 7, 9]",12
C18.0Ni54.0Mo28.0,[9],0
B2.0Fe66.0Nb6.0Dy5.0,[2],2
Mg90.0Zn10.0,[9],0
Be15.0Si15.0Ti70.0,[9],0
P20.0Cr80.0,[9],0
Al15.0Ni10.0Cu19.0Y2.0Zr54.0,"[1, 5, 6, 7]",5
Mg30.0Ca45.0Cu25.0,"[9, 5, 7]",1
B4.0C4.0P12.0Cr7.0Fe70.0Mo3.0,"[1, 6]",1.5
Mg25.0Ca65.0Cu10.0,"[9, 7]",0.5
B10.0Fe75.0Ni15.0,[9],0
B23.0Fe66.0Nb6.0Tm5.0,[2],4.5
B6.0Fe76.0Mo18.0,[9],0
Al10.0Ni5.0Cu30.0Zr55.0,"[1, 6]",5.2
C15.0Co77.5W7.5,[9],0
Al61.0Si18.0Cr21.0,[9],0
Al14.0Cu17.0Ag7.0La62.0,"[1, 5, 6, 7, 9]",5
Al10.1Ni14.2Cu11.7Zr64.0,"[1, 5, 6, 7]",5
Be35.0Ti45.0Zr20.0,[5],6
Al30.0Ti60.0Cu10.0,[9],0
Mg13.0Ca60.0Cu27.0,"[9, 5, 7]",1
Al8.0Fe2.0Cu34.0Zr48.0Ag8.0,"[5, 7]",10
Mg58.5Cu30.5Y11.0,"[1, 5, 6, 7, 9]",9
Mg25.0Ca40.0Cu35.0,"[9, 5, 7]",4
Al14.0Co2.0Ni2.0Cu16.6Ag3.34La62.0,[9],16
Mg10.0Ca55.0Cu35.0,[7],0.5
B4.0C4.0Si3.0P9.0Fe76.0Mo4.0,[9],4
Al4.0Co0.3Cu47.7Zr48.0,"[1, 6]",3
Ti10.0Cu35.0Zr30.0Ag25.0,"[1, 5, 6, 7, 9]",2
Al8.0Fe4.0Cu36.0Zr44.0Ag8.0,"[1, 6]",9
Al10.0Cu20.0Nb3.0Ce67.0,"[1, 5, 6, 7]",5
Al75.0Co20.0Ce5.0,[9],0
B19.2Si4.8Fe72.0Nb4.0,[9],2
C7.0P13.0Fe65.0Co15.0,[2],2
Si2.0Ti11.0Ni59.0Zr18.0Nb7.0Sn3.0,[5],2
Al80.0Cr10.0Ce10.0,[9],0
B12.0C8.0Co80.0,[9],0
B0.5Al7.0Si3.0Ti53.0Ni18.5Cu15.0Hf3.0,"[1, 5, 9, 6]",2
P20.0Ni67.0Cu13.0,[9],0
Al7.0Ni12.5Cu12.5Pr68.0,[7],1.5
Al8.0Si3.5Ti19.0Ni42.0Cu5.0Zr22.5,"[1, 5, 9, 6]",3
Mg18.2Ca31.8Cu50.0,"[1, 5, 6, 7, 9]",2
Li9.69Mg8.31Ca65.0Zn17.0,[5],3
B10.0Fe65.0Ni25.0,[9],0
B22.0Fe72.0Y4.0Ta2.0,"[9, 2, 5]",4
Al80.0V10.0Ce10.0,[9],0
Al75.0Co15.0Ce10.0,[9],0
B2.0C10.0P12.0Fe69.0Mo7.0,[2],2.5
Mg30.8Ca30.8Ag38.4,"[9, 7]",0.5
Al70.0Ni20.0Y10.0,[9],0
Ti43.2Ni6.91Cu36.2Zr9.6Sn4.0,[7],1
Al88.0Mn4.0Co8.0,[9],0
Al6.0Cu48.0Zr44.0Ag2.0,"[1, 6]",12
B20.0Fe73.0Nb4.0Hf3.0,"[1, 2, 6]",2
B5.5C7.0Al2.0Si3.3P8.7Cr2.3Fe67.7Co1.0Mo2.5,[2],6
B25.0Fe56.0Co13.4Nb5.5,"[1, 5, 9, 6]",2.5
Ti40.0Cu34.0Ga2.0Zr10.0Pd14.0,"[1, 6]",3
Al16.0Co29.0Zr55.0,"[1, 6]",7
B24.0Si1.5Ti3.0Fe27.0Co40.0Zr3.0Mo1.5,"[1, 2, 5, 6, 9]",1.5
Mg85.0Ca5.0Zn10.0,[9],0
B2.0C8.0Si1.0P9.0Fe78.0Sn2.0,[2],3.5
Mg87.5Y12.5,[9],0
Mg54.0Cu28.0Y11.0Ag7.0,[5],16
Mg65.5Cu25.4Gd9.0,"[1, 6]",6
B21.0Fe79.0,[9],0
Al40.0Ni10.0Zr50.0,[9],0
Al88.0Fe10.0Ni2.0,[9],0
C20.0Fe70.0W10.0,[9],0
B10.0C15.0Fe60.0Mo15.0,[2],1
B19.6Si3.92Fe70.5Y2.0Nb3.92,[9],2
Si1.0Ti41.5Ni7.5Cu37.5Zr2.5Sn5.0Hf5.0,"[1, 5, 9, 6]",6
Al20.0Ni60.0Zr20.0,[9],0
B22.0Fe72.0Y4.0Hf2.0,"[2, 5]",3
Al14.0Co2.0Ni2.0Cu16.6Ag3.33La62.0,[7],16
C5.0Si25.0Ni70.0,[9],0
P9.0Cu80.5Ag10.5,[9],0
Mg80.0Al10.0Zn10.0,[9],0
B2.0C9.0P9.0Cr2.0Fe78.0,[2],1.8
Be23.0Al6.0Ti24.0Ni10.0Cu9.0Zr28.0,"[1, 6]",9
B10.0Cr8.0Fe82.0,[9],0
P8.5Cu84.5Ag7.0,[9],0
B10.0Fe75.0Cu15.0,[9],0
Al88.0Cr12.0,[9],0
Ti50.0Ni50.0,[9],0
Al6.0Cu86.0Ce8.0,[9],0
Be10.0Ti90.0,[9],0
B6.0C18.0Cr16.0Fe44.0Mo16.0,[2],1.2
Ti10.0Ni80.0Cu10.0,[9],0
Fe27.0Cu51.0Ag22.0,[9],0
Al16.0Ni5.0Cu15.0La32.0Ce32.0,"[1, 5, 6, 7, 9]",10
B10.0Al4.0Co86.0,[9],0
Cu95.0Zr5.0,[9],0
B18.0P3.0Fe79.0,[9],0
Al16.0Co8.0Ni5.0Cu7.0La32.0Ce32.0,"[1, 5, 6, 7, 9]",10
Si2.0Ti11.0Ni59.0Zr20.0Nb5.0Sn3.0,"[9, 5]",2
Be35.0Ti40.0Zr25.0,[5],6
Be20.0Zr80.0,[9],0
Mg60.0Si0.25Ni23.6La16.1,"[1, 6]",1
Al15.0Cu20.0Ce65.0,"[1, 5, 6, 7, 9]",2
B10.0Al12.0Co78.0,[9],0
Al40.0Ni50.0Zr10.0,[9],0
Al90.0Ca5.0Ni5.0,[9],0
Al89.0Fe5.0Ni6.0,[9],0
Cu45.0Zr35.0Ag10.0Hf10.0,"[1, 5, 6, 7, 9]",4
B6.0C15.0Fe51.8Co12.9Mo14.0Er0.25,[2],3
Fe48.0Ag52.0,[9],0
Mg90.0Cu5.0Y5.0,[9],0
B22.0Al24.0Ni54.0,[9],0
Al14.0Co5.0Ni5.0Cu11.6Ag2.33La62.0,[7],20
Ti5.0Cu44.2Zr36.0Ag14.7,"[1, 6]",10
Cu20.0La80.0,[9],0
B2.0C19.0Cr15.0Fe49.0Mo14.0Er1.0,"[2, 5]",3
Al5.0Ti2.5Ni60.0Zr20.0Nb12.5,"[1, 5, 6, 7, 9]",2
B5.0C7.0Si3.3P8.7Fe73.0Mo3.0,[2],5
B16.7Si8.3Fe72.5Hf2.5,[2],2.5
Ni1.5Cu20.0Ga8.5Ce70.0,"[1, 6]",14
B12.0Fe87.0Ni1.0,[9],0
C14.0Co50.0Mo36.0,[9],0
C16.0Cr32.0Co52.0,[9],0
B10.0C15.0Cr15.0Fe37.5Mo22.5,[2],1
Al15.0Ni25.0Zr56.0Nb4.0,"[1, 6]",20
B16.7Si8.3Fe71.4Cu0.3Zr3.3,[2],2
Al10.0Ti6.0Fe5.0Cu19.0Zr60.0,"[1, 6]",5
Ti42.5Ni7.5Cu42.5Zr2.5Hf5.0,"[1, 5, 6, 7, 9]",2.5
Al77.0Nb13.0Ce10.0,[9],0
Al12.5Ni12.5Cu10.0Ce65.0,"[9, 5, 7]",3
Al8.0Cu34.0Zr48.0Pd2.0Ag8.0,"[1, 5, 6, 7, 9]",30
Ti14.1Cu56.4Nb6.0Hf23.5,[7],4
Al40.0Cu30.0La30.0,[9],0
C20.0Fe76.0W4.0,[9],0
C16.0Cr36.0Co48.0,[9],0
Al25.0Ni20.0Gd55.0,"[9, 5, 7]",3.5
Al16.0Co33.0Zr51.0,"[1, 6]",2
Al30.0Ni15.0Gd55.0,[9],2.5
Al91.0Co2.0Ni7.0,[9],0
Al8.0Cu36.0Zr44.0Pd4.0Ag8.0,"[1, 6]",25
Fe14.0Cu55.0Ag31.0,[9],0
Mg25.0Ca35.0Cu40.0,"[1, 5, 6, 7, 9]",3.5
Al4.0Cu49.0Zr43.0Ag4.0,"[1, 6]",10
B14.0Al4.0Co82.0,[9],0
Al7.0Cu43.0Zr43.0Ag7.0,"[1, 5, 6, 7]",8
B17.0C16.0Ni67.0,[9],0
B22.8Fe68.4Mo3.8Dy5.0,[9],2
B20.0Fe67.0Co7.0Zr6.0,[2],1
Al9.0Cu36.0Zr48.0Ag7.0,"[1, 6]",10.4
P16.0Ni80.0Cu4.0,[9],0
Al60.0V15.0Cu25.0,[9],0
Mg89.0Cu1.0Y10.0,[9],0
Al87.5Ca10.0Fe2.5,[9],0
Mg19.0Ca45.0Cu36.0,"[9, 7]",0.5
B4.0C4.0Si3.0P10.0Fe75.0Mo4.0,"[1, 2, 5, 6, 9]",4
Al96.0Mn2.0Co2.0,[9],0
C12.5Co70.0W17.5,[9],0
Be23.0Ti24.0Cr6.0Ni10.0Cu9.0Zr28.0,"[1, 6]",6
Ti40.0Cu40.0Zr10.0Pd10.0,"[1, 5, 6, 7]",4
Si30.0Ti30.0Ni40.0,[9],0
B6.0C15.0Fe57.8Co6.42Mo14.0Er0.75,[9],4
P21.5Co9.0Ni69.5,[9],0
B8.0C13.0Cr15.0Fe49.0Mo14.0Er1.0,"[9, 2, 5]",4
B22.0C8.0Ni70.0,[9],0
Be20.0Ti40.0Ni4.0Cu11.0Zr25.0,[5],14
Al4.0Cu47.0Zr45.0Ag4.0,"[1, 6]",10
Al10.0Cu20.0Ag5.0La65.0,"[1, 5, 6, 7]",5
Be25.4Ti37.3Fe5.46Cu9.0Zr22.7,[5],32
Mg27.3Ca18.2Cu54.5,"[9, 7]",0.5
Cu75.0Ag20.0Ce5.0,[9],0
Mg61.0Cu22.4Ag5.6Gd11.0,[5],25
Be20.0Mg12.0Fe2.0Ni6.0Cu10.0Y2.0Zr36.0Nb12.0,"[1, 5, 6, 7, 9]",5
Al80.0Mn10.0Ce10.0,[9],0
Mg69.0Ni18.0La13.0,"[9, 7]",0.5
Al16.0Co23.2Zr53.0Ag7.75,[5],20
B4.0C9.0Al3.0P7.0Fe77.0,[2],2
Al7.0Cu46.0Y10.0Zr37.0,"[9, 5, 7]",4
Al5.6Ni6.5Cu22.4Zr65.5,"[1, 5, 6, 7]",3
Al15.0Ni25.0Zr60.0,"[1, 6]",15
Al4.0Ni0.5Cu47.5Zr48.0,"[1, 6]",3
B7.0C15.0Mn10.0Fe54.0Mo14.0,[2],3
B5.0C10.0P10.0Fe40.0Co10.0Ni25.0,[2],2
C7.0P13.0Fe65.0Ni15.0,[2],2.4
C20.0Co65.0W15.0,[9],0
Si2.0Ti11.0Ni59.0Zr19.0Nb6.0Sn3.0,"[9, 5]",3
Al9.0Ti1.5Fe4.5Cu23.0Zr62.0,"[1, 6]",6
Ti40.0Cu30.0Zr10.0Pd20.0,"[1, 5, 6, 7, 9]",3
B5.0C7.0Si3.3P8.7V1.0Fe75.0,[2],1.5
Al92.5Ca2.5Fe5.0,[9],0
Al4.0Cu46.0Zr46.0Ag4.0,"[1, 6]",7
Al19.0Co19.0Cu4.75Zr52.2Ag5.0,"[9, 7]",16
Mg18.0Ca55.0Zn27.0,[7],0.5
B19.2Si4.8Fe50.4Co21.6Nb4.0,[9],3.5
Mg20.0Ni10.0Nd70.0,[9],0
B19.0Si1.0Fe63.0Co7.0Zr6.0Nb4.0,[2],2
Mg79.0Cu1.0Y20.0,[9],0
B5.0C10.0P10.0Fe40.0Co30.0Ni5.0,[2],2
Be35.0Ti65.0,[9],0
Al25.0Co20.0Y15.0Sm40.0,"[5, 7]",3
Al10.0Cu20.0Nb2.0Ce68.0,"[1, 5, 6, 7, 9]",8
B4.0C4.0Si3.0P9.0Fe46.0Co30.0Mo4.0,[9],3
B22.0Fe70.0Co2.0Y6.0,"[1, 2, 5, 6]",2
Al6.0Cu46.0Zr44.0Ag4.0,"[1, 6]",11
Mg68.0Ca4.0Zn28.0,"[1, 6]",3.5
Al10.0Fe7.5Cu22.5Zr60.0,[5],15
B22.0Fe62.0Co10.0Y6.0,"[1, 2, 5, 6]",2.5
Cu50.0Zr50.0,"[1, 5, 6, 7, 9]",2
Mg22.0Al48.0Pd30.0,[9],0
B22.0Fe72.0Y5.0W1.0,"[9, 5]",3
B4.0C17.0Cr15.0Fe42.0Co6.0Mo14.0Tm2.0,"[1, 6]",6
B5.5C7.0Al2.0Si3.3P8.7Cr2.3Fe66.7Mo4.5,[2],6
Mg61.0Cu21.7Ag7.3Gd11.0,[5],26
Mg38.5Ca15.4Cu7.7Ag38.4,"[9, 7]",0.5
B8.7Si2.75P8.25Fe39.0Ni39.0Nb2.3,[2],1
C5.0Si20.0Ni75.0,[9],0
Be28.0Ti41.0Fe6.0Zr25.0,[5],10
Al98.9Ti1.1,[9],0
Al24.0Co20.0Y20.0Gd36.0,"[9, 5, 7]",3
B15.0C10.0Cr16.0Fe43.0Mo16.0,[2],1.2
B14.2Si2.75P2.75Fe54.6Ni23.4Nb2.3,[2],1.5
B14.8Si9.9Fe74.2Zr1.0,[9],0.75
Ti40.0Cu38.0Zr10.0Pd12.0,"[1, 5, 6, 7, 9]",6
Al75.0Ni20.0Sm5.0,[9],0
B16.0Si4.0Ni80.0,[9],0
Si3.0Ti11.0Ni59.0Zr19.0Nb6.0Sn2.0,"[9, 5]",5
B5.5C7.0Al2.0Si3.3P8.7Cr2.3Fe68.7Mo2.5,[2],5
Si15.0Ni85.0,[9],0
B22.0Al24.0Co54.0,[9],0
B1.0Si2.0Ti50.0Ni24.0Cu20.0Sn3.0,"[1, 5, 9, 6]",1
B15.5Si2.75P1.38Fe39.0Ni39.0Nb2.3,[2],1.5
Al7.0Ni10.5Cu10.5Pr72.0,"[9, 7]",1.5
B5.0C15.0Ni80.0,[9],0
B5.0C7.0Si3.3P8.7Fe75.5Nb0.5,[2],1.5
B5.0C10.0P10.0Fe40.0Co20.0Ni15.0,[2],2.5
Mg61.0Cu28.0Gd11.0,"[1, 5, 6, 7, 9]",12
Al84.0Fe2.0Ni14.0,[9],0
B7.0C15.0Cr4.0Mn10.0Fe46.0Ga2.0Mo16.0,[2],2
P8.5Cu82.5Ag9.0,[9],0
Al7.5Cu50.0Hf42.5,"[1, 6]",7
Be18.0Ti50.0Ni8.0Cu9.0Zr15.0,"[1, 5, 6, 7, 9]",6
Al8.0Cu36.0Zr46.0Nb2.0Ag8.0,"[1, 5, 6, 7, 9]",10
Al10.0Co25.0La32.5Ce32.5,[5],15
B6.0C15.0Cr15.0Fe41.0Co7.0Y2.0Mo14.0,"[1, 2, 5, 6]",16
Al24.0Fe2.0Co18.0Y10.0Dy46.0,"[5, 7]",5
B12.0Fe83.0Ni5.0,[9],0
B4.0C4.0Si2.0P10.0Cr4.0Fe72.0Ga2.0Mo2.0,[2],2.5
Ti10.0Cu50.0Zr30.0Ag10.0,"[1, 5, 6, 7, 9]",4
Ti10.0Ni13.0Cu47.0Zr30.0,"[9, 5, 7]",1
B10.0C15.0Cr22.5Fe37.5Mo15.0,[2],1
Al25.0Co20.0Sm55.0,"[9, 5, 7]",4
B6.0C15.0Cr20.0Fe41.0Y2.0Mo10.0W6.0,"[1, 2, 6]",6
Al8.0Ti20.0Ni42.0Cu5.0Zr25.0,"[1, 7, 9, 6]",0.5
B5.0C10.0P10.0Fe30.0Co45.0,[2],1
Ti10.0Cu90.0,[9],0
B2.5C7.5P10.0Fe74.0Mo6.0,[2],3
B19.2Si4.8Fe28.8Ni43.2Nb4.0,[9],3
Mg20.0Ca60.0Zn20.0,"[5, 7]",4
Al30.0Ca60.0Ag10.0,"[9, 5, 7]",2
B22.0Fe69.0Y6.0W3.0,"[1, 2, 5, 6, 9]",4
B5.5C7.0Al2.0Si3.3P8.7Cr2.3Fe64.7Mo6.5,[2],4
Ni60.0Zr20.0Nb20.0,"[1, 7, 9, 6]",0.5
B3.0C9.0Al3.0P8.0Fe77.0,[2],2.5
Be18.0Ti55.0Ni8.0Cu9.0Zr10.0,"[1, 5, 6, 7, 9]",6
Al16.0Co30.0Zr54.0,"[1, 6]",6
Si20.0Ti55.0Ni25.0,[9],0
Ti42.3Ni6.76Cu35.5Zr9.4Sn6.0,[7],1
Al25.0Co20.0Y16.0Tm39.0,"[5, 7]",3
C20.0Co70.0W10.0,[9],0
Al68.0Si17.0Cr15.0,[9],0
Be23.0Ti24.0Ni10.0Cu9.0Zr28.0Ag6.0,"[1, 6]",14
Al86.0Fe1.0Ni13.0,[9],0
Be18.0Ti40.0Ni8.0Cu9.0Zr25.0,"[1, 5, 6, 7, 9]",8
Al8.0Fe2.0Cu36.0Zr46.0Ag8.0,"[1, 6]",10
Mg5.0Ca65.0Cu30.0,"[9, 7]",0.5
Mg20.0Ca60.0Cu20.0,"[5, 7]",4
Cu53.0Ag45.0Ce2.0,[9],0
Al15.0Ni17.5Cu13.5Zr50.0Nb4.0,"[1, 6]",6
B5.5C7.0Al2.0Si3.3P8.7Cr2.3Fe58.7Co10.0Mo2.5,[2],3
Be21.5Mg0.5Ti15.0Ni11.0Cu11.0Y1.0Zr40.0,"[1, 5, 6, 7, 9]",5
Cu75.0Zr25.0,[9],0
Al86.0Si2.0Fe12.0,[9],0
Al4.0Cu90.0Nd6.0,[9],0
Ti50.0Ni30.0Cu32.0Sn3.0,"[1, 6]",1
B8.0Fe91.0Ni1.0,[9],0
Al86.0Fe8.0Ni6.0,[9],0
Al7.0Cu40.0Zr48.0Ag5.0,"[1, 5, 6, 7]",10
B14.0C20.0Ni66.0,[9],0
Al10.0Co5.0Cu20.0Ce65.0,"[1, 5, 6, 7, 9]",8
Al16.0Co28.0Y2.0Zr54.0,"[1, 6]",5
B14.2Si2.75P2.75Fe46.5Ni31.2Nb2.3,[2],2
Al8.0Cu36.0Zr46.0Ag8.0Au2.0,"[1, 6]",20
Al17.5Cu20.0Ag7.5La55.0,"[1, 5, 6, 7, 9]",3
Ti45.0Ni7.2Cu37.8Zr10.0,"[9, 7]",1
Cu40.0Zr50.0Ag10.0,"[1, 5, 6, 7, 9]",5
C16.0Co64.0W20.0,[9],0
B4.0C4.0Si3.0P10.0Fe74.0Mo5.0,"[1, 2, 5, 6, 9]",3
Be24.0Ti50.0Ni10.0Zr16.0,[5],5
Mg33.3Ca33.3Cu33.3,"[5, 7]",3
Al45.0Ti55.0,[9],0
Mg74.0Ni15.0Ag1.0Gd10.0,"[1, 5, 6, 7]",3
B6.0C15.0Fe64.7Mo14.0Er0.25,[2],2
Mg20.0Ca70.0Cu10.0,"[9, 7]",0.5
B22.0Fe72.0Y6.0,"[1, 2, 5, 6, 9]",2
B6.0Fe82.0Mo12.0,[9],0
Ti7.0Cu54.0Zr33.0Ag6.0,"[1, 5, 6, 7, 9]",6
Al14.0Cu19.0Ag5.0La62.0,"[1, 5, 6, 7, 9]",5
B20.0Mo80.0,[9],0
Mg25.0Ca50.0Cu10.0Zn15.0,"[5, 7]",8
Al25.0Co20.0Lu55.0,"[9, 5, 7]",3
B7.0C15.0Fe64.0Mo14.0,[2],2.5
B6.0P14.0Fe70.0Co10.0,[2],1.5
B18.0Ti1.0Fe77.0Zr4.0,[2],1
Cu18.0Ga12.0Ce70.0,"[1, 6]",8
Mg15.0Ca50.0Cu25.0Zn10.0,"[9, 5, 7]",10
C7.0P13.0Fe74.0Mo6.0,[2],6
Mg40.0Ni40.0Ce20.0,[9],0
B16.7Si8.3Fe71.5Cu1.0Hf2.5,[2],1
C7.0P13.0Fe71.0Mo9.0,[2],2.5
B5.0C18.0Cr16.0Fe44.0Y1.0Mo16.0,[2],2
Mg30.8Ca23.1Cu7.7Ag38.5,"[1, 6]",3
P20.0Ni32.0Pt48.0,[9],0
Si2.0Ti13.0Ni59.0Zr18.0Nb5.0Sn3.0,"[9, 5]",2
B2.5C7.5P10.0Fe62.9Ni11.1Mo6.0,[2],3
B6.0C15.0Cr15.0Fe44.0Nb6.0Mo14.0,[2],2
Mg15.0Ca65.0Zn20.0,"[9, 5, 7]",6
Si2.0Ti13.0Ni59.0Zr17.0Nb6.0Sn3.0,"[9, 5]",3
Al20.0Ti70.0Cu10.0,[9],0
C7.0P13.0Fe70.0Ni10.0,[2],2.4
B6.0C15.0Fe58.3Co6.48Mo14.0Er0.12,[2],2
B5.0C7.0Si3.3P8.7Fe75.7Cu0.3,[2],3
Al10.0Co25.0La39.0Ce26.0,[5],20
B6.0C15.0Cr15.0Fe52.0Mo9.0Er3.0,[2],6
B7.0C15.0Cr4.0Mn10.0Fe50.0Mo14.0,[2],3
B2.5C7.5P10.0Fe70.3Ni3.7Mo6.0,[2],5
Ti40.0Cu32.0Zr10.0Pd14.0Sn4.0,[5],10
B6.0C15.0Cr4.0Mn10.0Fe51.0Mo12.0Er2.0,[2],7
Al8.0Ni2.0Cu34.0Zr48.0Ag8.0,"[9, 5, 7]",25
B10.0Cr10.0Fe80.0,[9],0
Fe87.0Zr13.0,[9],0
B19.2Si4.8Fe14.4Co57.6Nb4.0,[9],2.5
Fe46.0Cu54.0,[9],0
B4.0Cr5.0Fe91.0,[9],0
B6.0P10.0Fe84.0,[9],0
B4.0C4.0Si2.5P10.0Fe61.0Ni15.0Mo3.5,[2],2.5
Si5.0Co95.0,[9],0
Si25.0Co75.0,[9],0
Al45.0V15.0Ge40.0,[9],0
Al94.0Mn4.0Ce2.0,[9],0
B6.0Cr26.0Fe68.0,[9],0
B3.0C18.0Cr6.0Fe52.6Co5.85Mo14.0Er0.5,[9],3
B6.0C15.0Cr4.0Mn10.0Fe51.0Mo12.0Dy2.0,[2],6.5
Be26.0Ti27.0Cr6.0Cu10.0Zr31.0,"[1, 6]",14
Mg61.5Cu29.5Gd9.0,"[1, 5, 6, 7, 9]",4
B18.0Al20.0Co62.0,[9],0
Al92.0Cr8.0,[9],0
B4.0C4.0Si2.5P10.0Fe71.0Ni5.0Mo3.5,[2],5.5
C10.0Ni58.0Mo32.0,[9],0
Al92.0Fe4.0Co4.0,[9],0
B19.2Si4.8Fe70.0Nb4.0Tb1.92,[9],2.5
Si16.5Cu2.0Pd81.5,"[9, 5]",2
B6.0C15.0Cr15.0Fe39.0Co9.0Y2.0Mo14.0,"[1, 2, 5, 6]",10
Al8.0Ni6.0Cu36.0Zr42.0Ag8.0,"[1, 6]",25
B36.0C12.0Co52.0,[9],0
Mg90.0Ni5.0La5.0,[9],0
Al8.0Cu36.0Zr44.0Ag8.0Hf4.0,"[1, 5, 6, 7]",20
C10.0P7.5Fe82.5,[9],0
B11.4Si2.75P5.5Fe39.0Ni39.0Nb2.3,[2],2
B5.0C7.0Al1.0Si3.3P8.7Fe75.0,[2],2
B6.0Mn15.0Fe79.0,[9],0
Al90.0Mn4.0Co6.0,[9],0
Ni10.0Cu70.0Zr20.0,[9],0
Al25.0Co20.0Er55.0,"[9, 5, 7]",5
Cu54.0Zr36.0Ag10.0,"[9, 5, 7]",6
Be30.0Si10.0Ti60.0,[9],0
Mg59.0Cu31.0Gd10.0,"[1, 5, 6, 7, 9]",4
Al25.0Ni15.0Cu5.0La55.0,"[9, 5, 7]",4
Al8.0Ti2.0Cu36.0Zr46.0Ag8.0,"[1, 5, 6, 7, 9]",10
Be20.0Ti20.0Ni2.5Cu17.5Zr20.0Hf20.0,"[1, 5, 6]",12
Mg20.0Ca65.0Cu15.0,"[9, 5, 7]",2
Al68.6Si14.0Mn17.4,[9],0
Si10.0Ti90.0,[9],0
B30.0Si10.0Mo60.0,[9],0
Cu45.0Zr50.0Ag5.0,"[1, 5, 6, 7, 9]",4
Si17.0Cu6.0Pd77.0,"[1, 5, 6]",2
Al75.0Fe15.0Ce10.0,[9],0
Cu45.0Zr45.0Ag10.0,"[1, 5, 6, 7, 9]",6
Al14.0Cu78.0Ce8.0,[9],0
B22.0Fe60.0Co12.0Y6.0,"[1, 2, 5, 6, 9]",2.5
Mg68.0Ni15.0Ag7.0Gd10.0,"[1, 5, 6, 7, 9]",4
Al10.0Cu18.0Ce70.0Bi2.0,"[1, 6]",1
Al8.7Ni11.9Cu14.4Zr65.0,"[1, 5, 6, 7, 9]",4
Al8.0Cu36.0Zr42.0Nb6.0Ag8.0,"[1, 6]",4
Mg90.0Nd10.0,[9],0
Si13.0Ti40.0Nb47.0,[9],0
Al65.0Si20.0Cr15.0,[9],0
C10.0Fe74.0W16.0,[9],0
Al40.0Ti20.0Cu40.0,[9],0
B6.0C15.0Cr8.0Fe55.0Mo14.0Er2.0,[2],4.5
B81.5Si6.0Fe12.5,[9],0
Ti5.0Cu54.0Zr36.0Ag10.0,"[1, 6]",6
Ti22.5Cu60.0Hf17.5,"[1, 5, 6, 7, 9]",3
Al25.0Co20.0Tb55.0,"[9, 5, 7]",3
Mg75.0Cu5.0Ce20.0,[9],0
Al4.0Cu48.0Zr48.0,"[1, 6]",2
Mg49.0Ni15.0Ag6.0Gd10.0,"[1, 6]",7
Be18.0Ni12.0Cu14.0Zr48.0Nb8.0,"[1, 5, 6, 7, 9]",8
Ti90.0Ni5.0Cu5.0,[9],0
B10.0Si9.0P5.0Fe76.0,"[1, 2, 5, 6, 9]",2.5
Al75.0V15.0Cu10.0,[9],0
C18.0Ni70.0Mo12.0,[9],0
C18.0Co68.0W14.0,[9],0
Mg18.2Ca27.3Cu54.5,"[1, 5, 6, 7, 9]",1
B4.0Mn1.0Fe95.0,[9],0
Al16.0Co28.0Y12.0Zr44.0,"[1, 6]",6
B50.0C4.0Ni46.0,[9],0
B2.0C8.0Si1.0P9.0Fe77.0Sn3.0,[2],1.5
Si2.0Ti16.0Ni59.0Zr11.0Nb9.0Sn3.0,[5],2
B5.0C10.0P10.0Fe40.0Co29.0Ni15.0,"[1, 6]",2.5
Al15.6Ni11.2Cu11.2La62.0,[7],11
C6.0Fe82.0W12.0,[9],0
Al20.0Cu20.0Ce60.0,"[1, 5, 6, 7, 9]",3
Mg40.0Ni30.0Ce30.0,[9],0
Cu43.0Zr50.0Ag7.0,"[1, 5, 6, 7, 9]",4
Ti40.0Cu36.0Zr10.0Pd14.0,"[1, 5, 6, 7, 9]",6
Mg85.0Ni5.0La10.0,[9],0
Be10.0Al8.0Cu27.6Zr46.0Ag8.36,"[1, 5, 6, 7]",35
Al86.0Co3.0Ni11.0,[9],0
Si2.0Ti40.0Cu38.0Zr10.0Pd10.0,[5],5
Al80.0Fe5.0Ce15.0,[9],0
Al8.0Cu32.0Zr48.0Ag8.0Au4.0,"[9, 5, 7]",20
B15.0Fe60.0Co8.0Zr10.0Mo5.0W2.0,[2],1.5
B20.0Fe70.0Cu10.0,[9],0
Al15.0Ni15.0Ce70.0,"[9, 5, 7]",1
B13.5Si10.0Fe62.8Co10.0Cu0.7Nb3.0,[2],1.5
Al50.0Ni10.0Zr40.0,[9],0
B6.0C15.0Cr15.0Fe43.0Co5.0Y2.0Mo14.0,"[1, 2, 5, 6]",9
Be3.0Al7.0Cu47.0Zr43.0,"[1, 5, 6, 7]",6
Al88.0Fe6.0Co6.0,[9],0
Be20.0Ti20.0Ni17.5Cu2.5Zr20.0Hf20.0,"[1, 5, 6]",15
B16.7Si8.3Fe71.8Cu0.7Hf2.5,[2],1.5
Mg10.0Ca70.0Cu20.0,"[5, 7]",1
Mg15.0Ca55.0Zn30.0,[7],0.5
B8.4Si9.6P6.0Fe76.0,[2],2.5
Mg57.0Cu31.5Y8.0Nd3.5,"[1, 5, 6, 7, 9]",12
B6.0C15.0Fe51.2Co12.8Mo14.0Er1.0,[2],3.5
Al98.0Co2.0,[9],0
B6.0C15.0Fe58.2Co6.47Mo14.0Er0.25,[9],3
B6.0C15.0Fe64.0Mo14.0Dy1.0,[2],3
Al30.0Ti50.0Cu20.0,[9],0
B4.0C4.0Si3.0P10.0Fe79.0,"[1, 2, 5, 6, 9]",1
Ti20.0Cu60.0Hf20.0,"[1, 5, 6, 7, 9]",4
Mg23.1Ca30.8Cu15.4Ag30.8,"[1, 6]",2.5
Fe37.0Cu42.0Ag21.0,[9],0
Ti44.1Ni7.06Cu37.0Zr9.8Sn2.0,"[1, 5, 6, 7, 9]",2
C7.0P13.0Fe80.0,[2],2
B6.0C15.0Cr15.0Co50.0Mo14.0,"[1, 5, 9, 6]",2
B20.0C8.0Ni72.0,[9],0
Al4.0Cu50.0Zr42.0Ag4.0,"[1, 6]",9
Mg90.0Ni5.0Nd5.0,[9],0
Si1.0Sc3.0Ti44.0Fe2.5Cu40.0Zr7.5Sn2.0,[5],6
Mg23.1Ca15.4Cu7.7Ag53.8,"[9, 7]",0.5
Al10.0Fe2.5Cu27.5Zr60.0,[5],10
Al78.6Si4.0Mn17.4,[9],0
B4.0C4.0Si2.5P10.0Fe56.0Ni20.0Mo3.5,[2],1
Al10.0Ti70.0Cu20.0,[9],0
Al16.0Co24.8Zr53.0Ag6.2,[5],16
Mg15.0Ca70.0Zn15.0,"[9, 7]",0.5
C5.0P12.5Fe82.5,[9],0
Be20.0Mg12.0Ni8.0Cu10.0Y2.0Zr36.0Nb12.0,"[1, 5, 6, 7, 9]",5
Be20.0Si5.0Ti75.0,[9],0
Al90.0Si5.0Cr5.0,[9],0
Be19.9Ti39.8Ni2.98Cu11.9Y0.5Zr24.8,[5],5
Al60.0Cu40.0,[9],0
Mg70.0Cu15.0La15.0,[9],0
Al16.0Co27.0Zr56.0,"[1, 6]",5
Mg87.5Mn10.0Y2.5,[9],0
Ti40.0Ni40.0Cu20.0,[9],0
Si2.0Ti16.0Ni59.0Zr20.0Sn3.0,"[1, 5, 9, 6]",3
Al6.0Cu48.0Zr42.0Ag4.0,"[1, 6]",12
B5.0C15.0P5.0Cr16.0Fe43.0Mo16.0,[2],2.2
B4.0C4.0P12.0Cr7.0Fe50.0Ni20.0Mo3.0,"[1, 6]",2
Al10.0Ti20.0Ni70.0,[9],0
Al10.0Co0.5Cu20.0Ce69.5,"[1, 5, 6, 7, 9]",10
C14.0Cr46.0Co40.0,[9],0
Al50.0Cu10.0La40.0,[9],0
Mg75.0Ni15.0Gd10.0,"[1, 5, 6, 7, 9]",3
C6.0Fe86.0W8.0,[9],0
B18.0Ti3.0Fe77.0Zr2.0,[2],1.5
Be30.0Ti40.0Cr5.0Zr25.0,[5],8
B22.0Fe67.0Y6.0W5.0,"[1, 2, 5, 6, 9]",3
B18.0C6.0Ni76.0,[9],0
B2.0C9.0P9.0Cr5.0Fe75.0,[2],1.5
Al12.5Co2.5Cu17.5Ag5.0La62.5,"[1, 5, 6, 7, 9]",8
Si20.0Ti30.0Ni50.0,[9],0
B4.0Fe95.0Ni1.0,[9],0
B5.0C18.0Cr16.0Fe42.0Y3.0Mo16.0,[2],2
Mg65.0Ni7.5Cu7.5Zn5.0Y5.0Ag5.0Gd5.0,"[1, 5, 6, 7, 9]",14
Al25.0Co20.0Gd55.0,"[5, 7]",2
Mg18.1Ca36.4Cu45.5,"[1, 5, 6, 7]",3
B17.0Fe73.5Y3.5Nb6.0,[2],1
B10.0C11.0Cr15.0Fe42.0Co6.0Mo14.0Tm2.0,"[1, 6]",5
Al20.0Cu20.0Ag5.0La55.0,"[1, 5, 6, 7]",4
Al89.0V5.0Ce6.0,[9],0
Al50.0Ni35.0La15.0,[9],0
Cu55.0Ga5.0Zr40.0,"[9, 5, 7]",2
B20.0Si4.0Fe71.2Cu0.8Nb4.0,[2],1
Mg25.0Ca55.0Zn20.0,"[9, 5, 7]",1
B6.0C15.0Cr4.0Mn10.0Fe53.0Mo12.0,[2],3
B5.88C12.7Cr9.8Fe58.8Mo8.82Er1.96Pb2.0,[9],5
